id;testId;query
1;1;Определите древние города Западного Судана.
2;1;В каком году была создана Организация африканского единства, сыгравшая большую роль в борьбе за независимость народов Африки?
3;1;В каком государстве Африки в 1950 г. был принят закон о регистрации населения, согласно которому все жители страны классифицировались по расовому признаку?
4;1;Сколько царств существовало на территории Египта, до того, как возникли Северный и Южный Египет?
5;1;Колониями какой страны были Конхинхину и Камбоджа?
6;1;Кто из президентов Египта провозгласил политику "открытых дверей" и "либерализации" экономики?
7;1;Олдувай, где обнаружены древнейшие орудия труда и кости древнейших людей, находится ...
8;1;Абиссиния - это ...
9;1;Когда Эфиопия была объявлена колонией Италии?
10;1;В каком году было подписано соглашение о предоставлении Алжиру независимости?
11;1;В XVII-ХIХ вв. Тропическая Африка была разделена между Европейскими государствами на колониальные территории. Определите колонии принадлежащие Франции. 1) Дагомея; 2) Ангола; 3) Руанда; 4) Кения; 5) Чад; 6) Мозамбик; 7) Сенегал.
12;1;Какие из перечисленных стран были странами-колонизаторами Африки в середине XIX в.?
13;1;Какие территории Африки вошли в состав Османской Империи в ХVI -ХVII вв.?
14;1;Какие африканские страны охватила волна "социалистической ориентации" в 70-е гг. XX в.?
15;1;Африканские колонии Великобритании в начале XX в.:
16;1;Владения Арабского халифата в Африке ограничивались ...
17;1;Какой территорией ограничивались знания древних римлян об Африке?
18;1;В каком из средневековых городов Африки был открыт университет, где кроме богословия изучали историю, математику и астрономию?
19;1;В конце XIX в. большинство стран Африки потерпели поражение в борьбе против колонизаторов и лишь одной в 90-х годах, удалось отстоять свою независимость. Эта страна - ...
20;1;Какое государство основало Капскую колонию на юге Африки?
21;1;Какая из перечисленных стран Африки получила независимость раньше других?
22;1;В каком году в Южной Африке было создано политическое движение "Африканский национальный конгресс"?
23;1;Памятник архитектуры средневековья - императорский дворец в Гондэре - расположен в ... (по состоянию на 1998 г.)
24;1;Южно-Африканский союз, созданный в 1910 г., объединил ...
25;1;Какая африканская колония принадлежала Германии, кроме Юго-Западной Африки?
26;1;Укажите древнее государство, существовавшее на севере нынешней Эфиопии.
27;1;В марте 1990 г. была провозглашена ...
28;2;Признаки государства - это:
29;2;Конституция РФ была принята:
30;2;Источниками права являются:
31;2;Юридическими функциями права являются:
32;2;В судебную власть входят:
33;2;Правоспособность у физического лица возникает:
34;2;Возможна ли пересадка органов и (или) тканей реципиенту без его согласия либо без согласия его родителей или законного представителя?
35;2;Предоставление сведений, составляющих врачебную тайну, без согласия пациента допускается:
36;2;Какие сведения составляют врачебную тайну?
37;2;Лицензия - это:
38;2;Право на занятие частной медицинской практикой может быть реализовано в РФ при наличии:
39;2;Работники с высшим медицинским или фармацевтическим образованием могут быть допущены к практической деятельности после прохождения переподготовки или на основании проверочного испытания, если они не работали по своей специальности:
40;2;Основополагающий правовой акт в области здравоохранения:
41;2;Какие из перечисленных прав, закрепленных в Конституции РФ, относятся к личным?
42;2;Субъектом незаконного производства аборта является:
43;3;Социальные группы в древнерусском обществе:
44;3;Ограниченно свободные люди в Древней Руси:
45;3;Органы государственной власти Киевской Руси
46;3;4.Система государственного управления в Киевской Руси:
47;3;Русская Правда представляет собой:
48;3;Собственность на землю по Русской Правде:
49;3;Правовое значение общины (верви) в древнерусском праве:
50;3;Виды договоров по Русской Правде:
51;3;Термин, обозначающий преступление в Русской Правде:
52;3;Основная цель наказания по Русской Правде:
53;3;Виды наказаний по Русской Правде:
54;3;Досудебные процедуры в древнерусском судебном процессе.
55;3;Виды доказательств в древнерусском судебном процессе.
56;4;По указу 1760-го г. дворяне получили право:
57;4;Личные права дворян включали право на:
58;4;Имущественное(-ые) право(-а) дворян включало(-и) в себя:
59;4;Правовой статус городского населения как особого сословия начал определяться:
60;4;Все городское население делилось на:
61;4;От телесных наказаний освобождались:
62;4;В 1803 г. принимается «Указ о вольных хлебопашцах», по которому помещики получали право:
63;4;Первые годы правления Александра I характеризовались возрождением политики:
64;4;В 1809 г. подготовить проект Конституции было поручено:
65;4;В 1811 г. издается «Общее учреждение министерств» - документ, подготовленный:
66;4;Назовите выдающегося русского правоведа и государственного деятеля. Именно под его руководством было составлено Полное собрание законов Российской Империи. Подготовил план государственных преобразований – «Введение к уложению государственных законов»:
67;4;В функции жандармерии входило:
68;4;В 1837 г. реорганизуется система полицейских органов: связи с делением уездов на более мелкие административно-территориальные единицы появляется такая полицейская должность как:
69;4;Разработка положений о церкви, осуществленная Уложенной комиссией 1754 г., затронула ряд существенных вопросов господствующего положения православной веры. Отход от православия, совращение в нехристианскую веру, богохульство наказывались:
70;4;В 1826 г. Уложенная комиссия была преобразована во Второе отделение Собственной канцелярии Его Величества, делами которого фактически ведал М. М. Сперанский. Юридическая техника для составления Свода основывалась на методике включавшей в себя то, что:
71;4;Разделение законов, по мысли М. М. Сперанского, основывались на осуществлении двух правовых порядков:
72;4;В Полное собрание законов (ПСЗ) вошло:
73;4;В 1847 г. рабочий день для фабричных рабочих был снижен до _______ часов
74;4;Запродажа имущества – это:
75;4;Договор товарищества первой половины XIX в. в новых экономических условиях получил широкое распространение. А сколько видов товарищества предусматривалось на то время:
76;4;Для возникновения товарищества требовалась регистрация. Для возникновения акционерного общества –
77;4;Для православного брака требовалось достижение брачного возраста, а именно
78;4;В сфере общественного права завещательная свобода:
79;4;«Уложение о наказаниях уголовных и исправительных» (1845 г.) предусматривало:
80;4;Наказания подразделялись на:
81;4;К важнейшим преступлениям относились:
82;5;Что является предметом философии права по мнению Трубецкого?:
83;5;Предмет философии права по Тихонравову:
84;5;З. Какое место отводит Шершеневич философии права в системе наук?
85;5;Философия права в системе юридических наук по мнению Керимова:
86;5;Точка зрения Нсрсссяица по вопросу о системе курса "Философии права":
87;5;Шершеневич Г.Ф. считал, что теоретическая задача философии права заключается:
88;5;По мнению Е.П. Трубецкого одним из важных вопросов философии права является:
89;5;З. Профессор права С.С. Алексеев предмет философии права трактует, как:
90;5;По мнению Б.А. Керимова предмет философии права можно охарактеризовать как:
91;5;В.С. Нерсесянц считает, что предметом философии права является:
92;5;Свою философско-правовую позицию Б.Н. Чичерин называл:
93;5;В своих философско-правовых исследованиях Б.Н. Чичерин применяет:
94;5;З. Новгородцев П.И. в понимании права и государства разделял основные идеи:
95;5;Возникновение права В.С. Соловьев трактует в духе:
96;5;Философско-правовая концепция христианского персонализма разработана:
97;5;Античная философия права раннего периода характеризуется творчеством:
98;5;В основе права, согласно Цицерону, лежат:
99;5;Говорит о "специальной справедливости" и различает два вида ее проявления:
100;5;Говорит о справедливости как "надлежащей мере" и различает два вида равенства:
101;5;Римские юристы сформулировали принципиально важное положение о делении права на:
102;5;Юридическая аксиология, это учение о:
103;5;Исходным пунктом развития аксиологии послужило:
104;5;З. К аксилогическим принципам относятся:
105;5;Согласно естественно-правовой аксиологии, естественное право выступает в виде:
106;5;Либертарно-юридическая аксиология проповедует идею:
107;6;Педагогика это:
108;6;Какие задачи ставятся перед педагогической наукой?
109;6;Что определило развитие педагогики как науки?
110;6;это то, что остается, когда все забыто.
111;6;Процесс воспитания это:
112;6;Отражение человеком объективной действительности в форме фактов, представлений, понятий и законов науки это:
113;6;Обучение это:
114;6;Целью воспитания является:
115;6;Традиционными методами исследования в педагогике являются:
116;6;Отраслью педагогики не является:
117;6;Мировую славу русской педагогике принес:
118;6;Основу обучения составляют:
119;6;Социализация это-
120;6;Не является ученым-педагогом:
121;6;Основой для образования педагогики как науки являлась:
122;6;Ведущая категория педагогики это -
123;6;Процесс целепологания подразумевает:
124;6;Педагогический процесс это:
125;6;Компонентами педагогического процесса являются:
126;6;Главной целью образования является:
127;6;Целостность педагогического процесса заключается в:
128;6;Определяющим фактором при постановке цели воспитания является:
129;6;Педагогику как самостоятельную науку выделил:
130;6;Формирование ценностного отношения в жизни, обеспечивающего устойчивое и гармоничное развитие личности (воспитание чувства долга, справедливости, искренности, ответственности и других качеств, способных придать высший смысл делам, мыслям и чувствам человека) это-
131;6;Закон параллельного действия заключается в том, что:
132;6;Основными категориями педагогики являются:
133;6;Процесс становления человека как социального существа под воздействием всех без исключения факторов – экологических, социальных, экономических, идеологических, психологических и т.д., достижение уровня зрелости, устойчивости это -
134;7;Понятие «абсолютно черное тело» получено с помощью логической операции:
135;7;Сборник логических трактатов Аристотеля называется:
136;7;Отношение знака к обозначающему объекту исследует:
137;7;Из перечисленных выражений квантор существования задается только выражением:
138;7;«Космонавт» это:
139;7;Какое из указанных выражений является суждением?
140;7;Какое из следующих понятий является непустым?
141;7;Объемы какой пары понятий соотносятся так, как на следующей схеме:
142;7;Какой из законов логики нарушен в следующем примере: «Что это вы все время смеетесь? – А что же мне плакать, что?»
143;7;Какой из законов логики нарушен в следующем требовании: «За сборную должны выступать только игроки уже имеющие опыт игры за сборную»?
144;7;Какое из указанных определений является перациональным?
145;7;Какая ошибка допущена в следующем определении: «Человек это двуногое живое без перьев»?
146;7;Какая логическая операция выполнена в следующем примере: «Ни один крокодил не живет в Амуре. Следовательно, все живущие в Амуре – не крокодилы»?
147;7;Какое из следующих суждений является выделяющим:
148;7;Какая ошибка допущена в следующем простом категорическом силлогизме: «Некоторые китайцы живут в Хабаровске. Некоторые хабаровчане учатся в ХГТУ. Следовательно, среди студентов ХГТУ есть китайцы»?
149;7;К какому типу умозаключением относится следующее выражение: «Если ты будешь говорить правду, тебя возненавидят люди. Если ты будешь лгать, тебя возненавидят боги. Но ты можешь или лгать, или говорить правду. Следовательно, или тебя возненавидят люди, или тебя возненавидят боги»?
150;7;Какую фигуру имеет следующий простой категорический силлогизм: «Ни один лжец не заслуживает доверия. Всякий добропорядочный человек заслуживает доверия. Следовательно, не один добропорядочный человек не лжец»?
151;7;Какая ошибка допущена в следующей аргументации: «Немецкий физик В. Нерст, автор третьего начала термодинамики, следующим образом «доказывал», что ему удалось завершить разработку фундаментальных законов термодинамики: у первого начала ти автора (Майер, Джоуль Гемгольц), у второго – два (Карно и Каузиус), у третьего – один (Нерст); следовательно, число авторов четвертого начала должно равняться нулю, т.е. такого закона не может быть»?
152;7;Какой метод установления причинных связей был использован в следующем примере: «В прошлом веке считали. Что животным для поддержания жизни необходимо потреблять лишь белки и соли. Это мнение опроверг в 1880 г. доктор Н.И. Лунин. Он проделал следующий опыт. Одну группу мышей кормил обычной пищей, а другую очищенными белками и солями. Мыши второй группы через некоторое время погибли. Лунин сделал вывод о том, что животным кроме белков и солей нужно еще что-то. Затем этот недостающий компонент питания был открыт. Им оказались витамины»?
153;7;«Если произошло самоубийство, то не было несчастного случая и убийства. В данном случае было убийство. Значит, не было несчастного случая и самоубийства». Данное рассуждение представляет из себя:
154;7;Какой из следующих вопросов синтаксически некорректным:
155;7;Какой ответ на вопрос «Почему аборигены съели Кука?» является нерелевантными:
156;8;Что реально является объектом медицины как науки?
157;8;Какую из медицинских теорий можно считать фундаментальной основой теории общей патологии?
158;8;Как можно оценить природу человека?
159;8;Если возможна общая междисциплинарная теория человека, то какие из перечисленных дисциплин должны составить ее основание?
160;8;К какой из фундаментальных концепций пространства и времени относятся понятия «биологическое время» и «биологическое пространство», «психологическое время»?
161;8;К каким типам диагностики можно отнести компьютерную диагностику?
162;8;Какие из этиологических концепций современной медицины можно оценить как вариант механистического детерминизма?
163;8;Какие из перечисленных методов относятся к эмпирическому уровню научного исследования?
164;8;Какие из перечисленных методов относятся к теоретическому уровню научного исследования?
165;8;В современной медицине, как в любой другой науке, есть две формы научного рационализма, символами которых выступают герои «Фауста» Гете. Кто из них и почему олицетворяет, с Вашей точки зрения, современную науку?
166;8;К. Маркс, анализируя усиливающуюся специализацию научных исследований, называл последствия этого процесса «профессиональным кретинизмом». Характерен ли этот феномен, с Вашей точки зрения, для современной медицины?
167;8;Совпадают ли по смыслу понятия «норма» и «сущность» здоровья?
168;8;Какой из этих вариантов наиболее соответствует современной клинической практике?
169;8;Теоретическое моделирование биологической открытой системы предполагает определение отношения «организм - среда». Какая из структур этого взаимодействия характерна для человека?
170;8;Платон и Гиппократ говорили: «Врач-философ подобен Богу» В чем, по Вашему, заключается сокровенный смысл этой античной идеи?
171;9;Наука об обучении, образовании, их целях, содержании, методах, средствах называется…
172;9;Термин “дидактика” впервые ввел…
173;9;Под дидактикой понимал “всеобщее искусство всех учить всему”…
174;9;Процессы преподавания и учения с их условиями и получаемыми результатами – это предмет …
175;9;Функциями процесса обучения являются …
176;9;Совокупность принципов, содержание, методы и средства обучения, образующие целостную структуру и подчиняющиеся целям обучения, составляют…
177;9;Учение понимается в дидактике как…
178;9;Управление учебно-познавательной деятельностью учащихся называется…
179;9;Связи между целями, содержанием, методами, средствами, формами обучения относятся к ___ закономерностям
180;9;Эффективность обучения зависит от целесообразного привлечения органов чувств к восприятию и усвоению учебного материала – это принцип…
181;9;Принцип ведущей роли теоретических знаний используется в концепции ___ обучения
182;9;Процессом обучения называется …
183;9;К дидактическим принципам не относится принцип …
184;9;В структуру учебной деятельности не входит …
185;10;В каком городе ежегодно проходит Всемирный экономический форум?
186;10;Какие события произошли в один и тот же год?
187;10;Какие страны в средние века назывались Ост-Индией?
188;10;"Душой ислама" называют ...
189;10;Определите события, которые произошли в один и тот же год.
190;10;Какое государство в 1929 г. производило 44% промышленной продукции так называемого капиталистического мира?
191;10;Какие государства, являлись доминионами Великобритании после первой мировой войны?
192;10;Какие из перечисленных исторических явлений относятся ко второму периоду истории средних веков?
193;10;Через сколько лет после восстания "Желтых повязок" пала Западная Римская империя?
194;10;Какие негативные явления начались в экономике развитых стран в начале 70-х годов? 1) замедление темпов роста производства; 2) обострение хозяйственных и социальных противоречий; 3) увеличение темпов роста производительности труда; 4) начало топливо-энергетического и сырьевого кризиса; 5) уменьшение безработицы, что привело к росту бюджетных поступлений; 6) начало кризиса в валютно-финансовой сфере.
195;10;Лозунг "Три года упорного труда - десять тысяч лет счастья" характерен для ...
196;10;Высшим органом ООН является ...
197;10;Как назывался программный документ левеллеров?
198;10;К какому периоду истории средних веков можно отнести культуру эпохи Возрождения: расцвет искусства, переворот во взглядах на Вселенную?
199;11;Какие племена не являются германскими?
200;11;Какой период называют "золотым веком" испанской культуры?
201;11;Какое государство называлось "лоскутным"?
202;11;Укажите правителя - президента в период провозглашения в 1849 г. независимости Венгрии.
203;11;У какого города произошло первое крупное сражение Гарибальди с войсками Бурбонов в 1860 г.?
204;11;Неустойчивую часть депутатов в конвенте Франции называли ...
205;11;Определите годы жизни борца за объединение Италии Джузеппе Гарибальди?
206;11;Где возникали поселения бродячих ремесленников средневековой Европы? 1) на перекрестках дорог; 2) в горных ущельях; 3) вблизи удобных морских гаваней; 4) у стен больших монастырей; 5) вдали от деревень и других населенных пунктов; 6) среди развалин римских крепостей.
207;11;В какой из стран Западной Европы раньше других стали мостить главные дороги?
208;11;Какое событие является первой попыткой свержения феодального строя в Европе?
209;11;В ходе какого события во Франции была свергнута власть короля Луи Филиппа?
210;11;Итальянские кинорежиссеры и сценаристы Р.Росселини, Д.де Сантис, Л.Висконти являются основоположниками нового направления в культуре, а именно ...
211;11;На какой конференции союзники по антигитлеровской коалиции заключили "Декларацию об освобожденной Европе"?
212;11;Какая по счёту республика была провозглашена во Франции с 1946 по 1958 гг.?
213;12;В каком году главами государств СНГ было подписано Соглашение о создании Межгосударственного экологического совета стран СНГ?
214;12;Какое из государств СНГ первым подписало с Европейским Союзом Соглашение о партнёрстве и сотрудничестве?
215;12;Какая территория была включена в состав российских владений в Туркестане после 1873 г.?
216;12;Кто и когда возглавлял первую Российскую императорскую миссию в Бухарское ханство?
217;12;Закарпатская Украина вошла в состав бывшего СССР согласно ...
218;12;По приказу какого правителя отправился Флорио Беневени в Среднюю Азию?
219;12;В каком году в результате подписания советско-японской декларации было оформлено формальное прекращение состояния войны между бывшим СССР и Японией?
220;12;Разгром квантунской армии - основы японских сухопутных сил - был осуществлен Красной Армией в ходе ...
221;12;Кем были построены первые каменные храмы на Руси?
222;12;Определите причины феодальной раздробленности на Руси. 1) развитие крупного землевладения; 2) феодалы не нуждались в княжеской власти; 3) слабые экономические связи; 4) необходимо было иметь военные отряды для защиты своих границ; 5) обострение классовой борьбы; 6) рост и укрепление городов, превратившихся в политические и культурные центры феодальных владений; 7)в отдельных княжествах легче было наводить порядок.
223;12;Определите русского путешественника, руководившего кругосветной экспедицией и открывшего 12 островов.
224;13;Укажите область Ирана, где возникло Персидское царство.
225;13;Пагода красоты дракона находится в ...
226;13;Какое государство выдвинуло идею придания Юго-Восточной Азии безъядерного статуса?
227;13;Какой памятник архитектуры называют "жемчужиной Индии"?
228;13;К какому периоду истории относится объединение Индии под властью царя Ашоки?
229;13;Какая знаменитая игра, возникшая в Индии, называется "четыре рода войск"?
230;13;Колонией какого государства была территория современной Малайзии до второй мировой войны?
231;13;Какое государство по отношению к КНР проводило политику "трёх нет": "никаких компромиссов, никаких переговоров, никаких контактов"?
232;13;Когда в Республике Корея был установлен военный режим?
233;13;Какому иранскому правителю удалось восстановить единство государства и даже захватить столицу Бабуридов Дели?
234;13;Для какого периода истории Китая было характерно выполнение задач буржуазно- демократической революции?
235;13;Согласно "Шахнаме", земля, где проходила граница между Тураном и Ираном, называлась ...
236;14;Как называлась колония, основанная европейцами на месте Нью-Йорка?
237;14;Какое историческое событие имело место в Латинской Америке, когда в России происходило восстание декабристов?
238;14;Кому из борцов за национальное освобождение народов Латинской Америки принадлежат следующие слова: "<i>Я не успокоюсь до тех пор, пока не разорву цепи, которыми Испания опутала мою Родину</i>"?
239;14;Какую цель преследовал государственный секретарь США Д.Маршалл, выдвигая так называемый план Маршалла?
240;14;Определите годы президентства Джона Кеннеди.
241;14;В каком из перечисленных государств в 60-70-х годах не была установлена власть военной хунты?
242;14;Какие страны Латинской Америки добились своей независимости в один и тот же год?
243;14;Какие страны Латинской Америки добились своей независимости в результате освободительной борьбы?
244;14;Определите страны Латинской Америки, в которых экономические трудности 80-х годов способствовали уходу с политической арены авторитарных режимов. 1) Аргентина; 2) Мексика; 3) Боливия; 4) Бразилия; 5) Куба; 6) Уругвай; 7) Гватемала; 8) Чили; 9) Парагвай; 10) Гаити.
245;14;Во всех государствах Центральной Америки ещё в 30-е годы XX столетия были установлены военно-полицейские режимы, кроме ...
246;14;Чьей колонией являлась Куба в тот период, когда США начали войну с Мексикой и захватили у неё Техас, Калифорнию?
247;15;Определите среди перечисленных город, который не располагался на территории Древнего Египта.
248;15;Когда в Римской империи были запрещены Олимпийские игры, посвященные Зевсу и с чем это было связано?
249;15;В низовьях каких рек были основаны древнегреческие колонии?
250;15;В каком из государств функционировала так называемая Царская дорога?
251;15;В каком ответе хронологически правильно указана последовательность событий древней истории?
252;15;Определите основные занятия древних людей, живших 30-14 тыс. лет тому назад.
253;15;Когда был построен храм бога Луны в городе Уре?
254;15;Одной из наиболее почитаемых богинь Греции была богиня плодородия Деметра, а у римлян богиней плодородия была ...
255;15;Покровителем виноделия в Греции был бог Дионис, о котором говорится, что его всегда сопровождали неизменные спутники сатиры и спутницы ...
256;15;Кто из античных скульпторов создал прославленную статую Зевса Олимпийского?
257;16;К осмотру трупа на месте его обнаружения в качестве специалиста в области судебной медицины могут быть привлечены все, кроме:
258;16;В первые часы окраска кровоподтека:
259;16;Соединительнотканные перемычки между краями характерны для:
260;16;Для какой степени алкогольного опьянения характерны повышенная утомляемость, эмоциональная неустойчивость, нарушения координации мелких движений?
261;16;Для какой степени алкогольного опьянения характерны значительная эмоциональная неустойчивость, шаткая походка, неясная речь, нарушения психики и ориентировки, сонливость?
262;16;Для какой степени алкогольного опьянения характерны снижение болевой чувствительности, вплоть до ее потери, ступорозное состояние?
263;16;Назначение судебно-медицинской экспертизы является обязательным для установления:
264;16;К ранним посмертным изменениям относят:
265;16;Исследование трупных пятен позволяет установить:
266;16;Значение мышечного окоченения состоит в том, что оно:
267;17;Договор купли-продажи это:
268;17;Существенным условием любого договора было:
269;17;Чт оявлялось характерным признаком юридического лица в Риме?
270;17;К реальным договорам относится:
271;17;Пакт - это:
272;17;К обязательствам как бы из договора относились:
273;17;Для признания действия частным деликтом необходимо наличие такого элемента, как:
274;17;Основными видами частных деликтов были:
275;17;К обязательствам как бы из деликтов можно отнести:
276;17;Наследование - это:
277;17;Сколько очередей законных наследников различало право Юстиниана?
278;17;Завещание по римскому праву это:
279;17;Завещание признавалось действительным при  наличии в нем следующих условий:
280;18;Существует ли государственная идеология в условиях демократии?
281;18;Назовите основные течения современной политологии.
282;18;З. Социально-политическое учение, отрицающее позитивную роль государственой власти и политической борьбы и проповедующее освобождение личности от всех форм политической, экономической и духовной власти:
283;18;Территория или часть территории одного государства, окруженная территорией другого или других государств:
284;18;Назовите главный международный документ в области прав человека.
285;18;На какие ветви подразделяется государственная власть в соответствии с "теорией разделения властей"?
286;18;Что такое нация?
287;18;.8 Пропагандистская деятельность, воздействующая на общественное сознание при помощи распространения различных идей, взглядов, выступлений:
288;18;.9 Страна,  в которой зародилась мафия:
289;18;Теоритическая концепция в зарубежной политологии, рассматривающая политические и социальные отношения в обществе, международные отношения и причины различных конфликтов через призму биологических факторов и врожденных психологических качеств отдельных людей и этнических групп:
290;18;Позиция, выражающаяся в непрепятствовании событиям идти своим ходом и имеющая неоспоримые последствия в укреплении определенной политической линии:
291;18;Отрасль знания, исследующая закономерности ,пути, средства и методы, а также соответствующие технологии достижения высшего уровня профессионализма в политической деятельности:
292;18;Русский естествоиспытатель-энциклопедист и мыслитель, основоположник ряда новых научных дисциплин - геохимии, биогеохимии, космохимии, радиогеологии, концепции биосферы и ее перехода в ноосферу:
293;18;Отмежевание государства, его органа власти или неправительственной организации от действий или заявлений своего официального представителя:
294;18;Власть влаждельцев информации, их заметная роль в жизни современного общества:
295;19;Принято выделять следующие виды гипотез:
296;19;В зависимости от используемых инструментов (методов) сбора полевой (первичной) информации исследования можно разделить на:
297;19;Документ, в котором происходит фиксация результатов опроса:
298;19;Специфический метод сбора информации, при котором имеются только тема и цель - это:
299;19;Оценка исследуемых процессов квалифицированными специалистами – экспертами – это:
300;19;К достоинствам анкетирования относятся:
301;19;К недостаткам анкетирования относятся
302;19;Совокупность методических приёмов и процедур, применяемых для извлечения из документальных источников социологической информации при изучении социальных процессов и явлений в целях решения определённых исследовательских задач:
303;19;Классификация документов по ряду оснований:
304;19;Предметом исследования являются:
305;19;Часть исследовательской программы, в которую вносятся необходимые данные о каждом респонденте:
306;20;Когда необходимо составлять блок-схему программы?
307;20;Наиболее наглядной формой описания алгоритма является структурно-стилизованный метод
308;20;Перевод программ с языка высокого уровня на язык более низкого уровня  обеспечивает программа -
309;20;В графических схемах алгоритмов стрелки направлений на линиях потоков
310;20;Разработка алгоритма решения задачи – это
311;20;Языком высокого уровня является
312;20;Алгоритм, в котором действия выполняются друг за другом, не повторяясь называется:
313;20;Разработке алгоритма предшествует
314;20;Символьный тип данных объявляется служебным словом:
315;20;В операторе присваивания summa := sqr(x)+3*a  переменными являются
316;21;Информационным называется общество, где:
317;21;Информатизация общества — это:
318;21;Компьютеризация общества — это:
319;21;Информационная культура общества предполагает:
320;21;Информационные ресурсы общества — это:
321;21;Рынок информационных услуг — это:
322;21;На рынке информационных услуг подлежат продаже и обмену:
323;21;Информатика — это:
324;21;Кибернетика — это:
325;21;Экономическая информация — это:
326;21;Классификация экономической информации позволяет:
327;21;Методами классификации экономической информации являются:
328;21;Данные — это:
329;22;﻿ К экзогенно-органическим психическим заболеваниям относят:
330;22;В течении травматической болезни выделяют следующие периоды:
331;22;"Сквозными" психическими расстройствами при черепно-мозговой травме являются:
332;22;Для начального периода черепно-мозговой травмы наиболее характерны следующие психические расстройства (синдромы):
333;22;К острым (подострым) травматическим психозам относятся:
334;22;Наиболее часто встречающимся травматическим психозом острого периода является:
335;22;При травме воздушной взрывной волной наиболее специфичными психическими расстройствами являются:
336;22;Для всех больных с черепно-мозговой травмой обязательным является назначение:
337;22;Эпилепсия относится к:
338;22;Аура является:
339;22;Последовательность стадий большого судорожного припадка следующая:
340;22;"Джексоновский" припадок относится к:
341;22;Для больных эпилепсией характерна:
342;23;Что является самым частым осложнением стрессовой язвы желудка?
343;23;Абсолютным показанием к операции при гастродуоденальных язвах является:
344;23;Кто из хирургов Военно-медицинской академии был удостоен Государственной премии СССР за внедрение ваготомии в хирургическую практику?
345;23;По отнощению к брюшине червеобразный отросток расположен:
346;23;Какое наиболее частое расположение червеобразного отростка?
347;23;Hаибольшее распространение в хирургической практике нашла классификация острого аппендицита:
348;23;Какая наиболее частая окончательная локализация болей при остром аппендиците?
349;23;Первичная локализация болей в подложечной области особенно часто наблюдается при:
350;23;Температура тела при остром аппендиците, как правило, колеблется в пределах:
351;23;"Пахово-мошоночный симптом" для определения воспалительного состояния брюшины при остром аппендиците называется симптомом:
352;23;"Симптом скольжения" для диагностики острого аппендицита впервые предложил:
353;23;Диагностические ошибки при остром аппендиците в основном объясняются:
354;23;Hаиболее часто симулирует острый аппендицит:
355;24;Законники, представители официального духовенства в Средней Азии - это ...
356;24;Кто такие "багауды"?
357;24;Кого в древнем Риме называли "колонами"?
358;24;Что отражает выражение "Пойти в Каноссу"?
359;24;Поступательное движение человеческого общества от низших ступеней к высшим называется ...
360;24;Реакционная идеология и политика, направленные на подготовку новой войны с целью отплатить за понесенное поражение и вернуть утраченные позиции называется ...
361;24;Что означает бантустан?
362;24;"Деспотия" в переводе с греческого означает ...
363;24;Как в древнегреческих источниках называлась населенная часть, граница Земли?
364;24;Антропологи - это ... 1) ученые, изучающие вещественные источники; 2) специалисты по изучению древних языков и генеалогии; 3) ученые, изучающие материальную культуру людей, их быт и образ жизни; 4) специалисты, восстанавливающие внешний облик древних людей по их останкам; 5) ученые, производящие раскопки стоянок первобытных людей; 6) специалисты, изучающие проблемы происхождения и развития человека.
365;24;Что означает в переносном смысле выражение "ахиллесова пята"?
366;24;Как назывался священный напиток зороастрийцев, смешанный с молоком?
367;24;Скунха это ...
368;24;Чоппер это ...
369;25;﻿Основными задачами концепции развития здра¬воохранения и медицинской науки в РФ являются:
370;25;При обращении за медицинской помощью и ее получении пациент имеет право на:
371;25;Информация о состоянии здоровья предостав¬ляется гражданину:
372;25;В случае неблагоприятного прогноза информа¬ция деликатным способом сообщается:
373;25;Информация, которую пациент имеет право получить в доступной для него форме:
374;25;С медицинской документацией о своем здоро¬вье гражданин имеет право:
375;25;Без согласия гражданина или его представите¬ля медицинское вмешательство допускается при заболеваниях:
376;25;Действия или средства для удовлетворения просьбы пациента об ускорении его смерти - это:
377;25;Медицинскому персоналу осуществлять эвта¬назию:
378;25;Отказ от медицинского вмешательства с ука¬занием возможных последствий оформляется в ме¬дицинской документации с подписью:
379;25;Возмещение ущерба в случае причинения вреда здоровью пациента при оказании медицинской помощи законом:
380;26;Наиболее характерный симптом, указывающий на раковое перерождение при хроническом эзофагите:
381;26;К препаратам, снижающим желудочно-пищеводный рефлюкс, не относится:
382;26;При лечении ахалазии пищевода противопоказано применять:
383;26;Рентгенологически выявленное отсутствие перистальтики в дистальном отделе пищевода при нормальной моторике в проксимальном отделе характерно для:
384;26;Наличие желудочной метаплазии нижнего пищеводного сфинктера характерно для:
385;26;При рефлюкс-эзофагите применяют: а) нитроглицерин; б) мотилиум; в) но-шпу; г) де-нол; д) маалокс; е) ранитидин. Выберите правильную комбинацию:
386;26;К основным методам исследования, позволяющим верифицировать диагноз хронического гастрита, не относится:
387;26;Наличие триады симптомов - стойкое повышение желудочной секреции, изъязвление ЖКТ, диарея - указывает на:
388;26;О степени активности гастрита судят по клеточной инфильтрации слизистой оболочки желудка:
389;26;Для клиники хронического гастрита характерно:
390;27;В репродуктивной системе
391;27;В репродуктивной системе
392;27;В репродуктивной системе
393;27;В репродуктивной системе
394;27;Преовуляторные изменения гормонального фона характеризуются повышением уровня
395;27;Физиологические процессы в яичнике могут быть оценены с помощью
396;27;В первой фазе менструального цикла
397;27;В первой фазе менструального цикла
398;27;Во второй фазе менструального цикла
399;27;Циркадный ритм секреции характерен
400;27;Цирхоральный ритм секреции характерен
401;27;Зрелость фолликула можно определить
402;28;Артериальная гипертензия может быть заподозрена по следующим клиническим признакам и проявлениям:
403;28;Основным признаком нефрогенной гипертензии является:
404;28;Эндокринная гипертензия с дефицитом гормональной продукции является:
405;28;Гипертензия при коарктации аорты развивается вследствие:
406;28;Повышение артериального давления при феохромоцитоме и парананглиомах имеет характер:
407;28;Основным гемодинамическим признаком коарктации грудного отдела аорты является:
408;28;Вазоренальная гипертензия развивается вследствие:
409;28;Снижение уровня АД при асимметрии АД на правой и левой руках до нормальных цифр опасно в плане:
410;28;Абсолютным диагностическим критерием артериальной гипертензии при феохромоцитоме является:
411;28;Гормоном с высокой прессорной активностью является:
412;28;В пульмонологической практике препаратами, вызывающими развитие артериальной гипертензии, являются:
413;28;При лечении хронических артритов развитие артериальной гипертензии может вызвать:
414;29;Для холеры характерно сочетание симптомов:
415;29;Генерализованную форму сальмонеллеза от локализованной отличают симптомы:
416;29;Для гастроинтестинальной формы иерсиниоза характерны симптомы:
417;29;Укажите, какие варианты продромального периода встречаются при гепатите В:
418;29;Укажите причину кишечного кровотечения при брюшном тифе:
419;29;Цитолиз печеночных клеток при вирусных гепатитах отражают следующие биохимические тесты:
420;29;Какие ферменты отражают холестаз при вирусных гепатитах?
421;29;Какое звено патогенеза определяет тяжесть течения холеры?
422;29;Какие серологические маркеры характерны для гепатита А в остром периоде болезни?
423;29;Какой из серологических маркеров не характерен для гепатита В?
424;30;Антисептиками группы окислителей являются: а) хлоргексидина биглюконат; б) калия перманганат; в) перекись водорода; г) диоксидин; д) йодопирон. Выберите правильную комбинацию ответов:
425;30;Антисептиками, относящимися к группе галогенов и галогенсодержащих соединений, являются: а) калия перманганат; б) гипохлорит натрия; в) диоксидин; г) повидонйод; д) йодонат. Выберите правильную комбинацию ответов:
426;30;Какие методы относятся к физической антисептике? а) ультразвуковая кавитация раны; б) антибиотико-новокаиновая блокада гнойно-воспалительного очага; в) вакуумная аспирация; г) обработка ран раствором эффективного антисептика; д) использование лазерного излучения. Выберите правильную комбинацию ответов:
427;30;Пути эндогенной контаминации ран: а) через нестерильный хирургический инструментарий; б) проникновение непосредственно из полого органа; в) через руки медицинского персонала; г) через бактериально контаминированный экссудат брюшной полости; д) с током лимфы или крови из гнойно-воспалительного очага. Выберите правильную комбинацию ответов:
428;30;Что из перечисленного относится к методам профилактики контактного пути распространения микрофлоры? а) стерилизация белья; б) стерилизация инструментов; в) стерилизация шовного материала; г) обработка рук хирурга; д) обработка операционного поля. Выберите правильную комбинацию ответов:
429;30;Действие протеолитических ферментов при гнойных процессах заключается в: а) лизисе некротизированных тканей; б) повышении свертываемости крови; в) фибринолизе; г) по-тенцировании действия антибиотиков; д) антибактериальном действии; е) противовоспалительном действии. Выберите пра-вильную комбинацию ответов:
430;30;К экзогенным источникам контаминации операционных ран относятся:  а) бактериально  контаминированный  экссудат брюшной полости; б) бактерионосительство среди медицинского персонала; в) несанированные очаги хронической инфекции у больного; г) микробная загрязненность рук хирургов и инструментария; д) микробная загрязненность воздуха операционных залов, палат и перевязочных; е) бактериальная контаминация кишечника. Выберите правильную комбинацию ответов:
431;30;Организационные мероприятия асептики включают: а) использование одноразового белья, шовного материала, инструментария; б) дезинфекцию рук персонала перед каждым кон-тактом с больным и после него; в) выявление и санацию бактерионосителей в стационаре; г) первичную хирургическую обработку ран; д) применение антибиотиков; е) обработку опе-рационных ран эффективным антисептиком. Выберите правильную комбинацию ответов:
432;30;К эфирным анестетикам относятся: а) лидокаин; б) дикаин; в) кокаин; г) тримекаин; д) меркаин; е) новокаин. Выберите правильную комбинацию ответов:
433;30;Для амидных анестетиков характерно: а) быстрое гидролитическое разрушение в тканях; б) продолжительность эффективной регионарной анестезии при однократном введении в ткани; в) допустимость повторного введения значительных доз препарата для продления анестезии; г) практически не вызывают аллергических реакций в максимально допустимых дозах; д) выводятся из организма в неизмененном виде или под-вергаются частичному разрушению в печени. Выберите правильную комбинацию ответов:
434;30;Для эфирных анестетиков характерно: а) быстрое гидролитическое разрушение в тканях; б) продолжительность эффективной регионарной анестезии при однократном введении в ткани; в) допустимость повторного введения значительных доз препарата для продления анестезии; г) практически не вызывают аллергических реакций в максимально допустимых дозах; д) выводятся из организма в неизмененном виде или под-вергаются частичному разрушению в печени. Выберите правильную комбинацию ответов:
435;30;Какие из перечисленных видов местного обезболивания относятся к проводниковой анестезии? а) футлярная анестезия; б) анестезия по Оберсту-Лукашевичу; в) паранефральная бло-када; г) блокады нервных сплетений и стволов; д) перидуральная анестезия; е) анестезия по Брауну; ж) терминальная анестезия. Выберите правильную комбинацию ответов:
436;31;Назовите основные методы изучения заболеваемости населения:
437;31;К показателям заболеваемости относятся все перечисленные показатели, кроме:
438;31;Что характеризует показатель общей заболеваемости?
439;31;Назовите данные, необходимые для расчета первичной заболеваемости:
440;31;Назовите данные, необходимые для расчета общей заболеваемости:
441;31;Какой документ используют для изучения заболеваемости по обращаемости?
442;31;Назовите данные, необходимые для расчета патологической пораженности:
443;31;Назовите данные, необходимые для расчета структуры заболеваемости:
444;31;Какой документ используют при статистической разработке заболеваемости?
445;31;Какой документ используют для изучения инфекционной заболеваемости?
446;31;Какой документ используют для изучения заболеваемости злокачественными новообразованиями?
447;31;Назовите основные направления демографии:
448;32;Глотка расположена:
449;32;Перечислите отделы глотки:
450;32;Укажите миндалины, расположенные в носоглотке:
451;32;Перечислите миндалины, образующие лимфаденоидное глоточное кольцо Вальдеера-Пирогова:
452;32;Анатомические образования, с которыми латерально граничит глотка:
453;32;Выберите из указанных нозологических форм банальные ангины:
454;32;Перечислите ангины при заболеваниях крови:
455;32;Укажите возможные осложнения ангин:
456;32;Перечислите типичные признаки катаральной ангины:
457;32;Перечислите симптомы, характерные для фолликулярной ангины:
458;32;Перечислите симптомы, характерные для дифтерии глотки:
459;32;Какие из указанных симптомов характерны для фарингита?
460;33;Основные структурные оболочки глазного яблока:
461;33;Переднезадний размер глазного яблока при эмметропии в среднем равен:
462;33;"Слабое" место в переднем отрезке глазного яблока при его контузиях:
463;33;Толщина роговицы от центра к периферии:
464;33;Наиболее тонкая часть склеры в заднем отрезке глазного яблока:
465;33;Функция роговицы:
466;33;Функция склеры:
467;33;Функция ресничного тела:
468;33;Функция радужки:
469;33;Функция хориоидеи:
470;33;Функция сетчатки:
471;33;Функция хрусталика:
472;33;Преломляющая сила роговицы:
473;34;Этиология - это:
474;34;Реакции организма, возникающие при гипотермии в фазу компенсации: а) спазм периферических сосудов; б) расширение периферических сосудов; в) увеличение гликогенолиза в печени; г) увеличение потоотделения; д) мышечная дрожь (озноб).
475;34;Для первых 6 часов острой лучевой болезни у взрослого, однократно тотально облученного в дозе 2-6 Гр, характерны: а) тошнота, рвота; б) лимфоцитопения; в) нейтрофильный лейкоцитоз; г) кровоточивость; д) эритема; е) анемия.
476;34;Чувствительность органа (ткани) к ионизирующей радиации повышается: а) при гипоксии; б) при дефиците витамина Е; в) в процессе регенерации ткани; г) в присутствии цитостатических препаратов; д) при гипертермии; е) при избытке кислорода.
477;34;Главная мишень в клетке при действии на нее ионизирующей радиации:
478;34;Радиационному повреждению клеток способствуют: а) повышение содержания кислорода в крови; б) понижение содержания кислорода в крови; в) недостаток витамина Е; г) высокая митотическая активность; д) низкая митотическая активность.
479;34;Механизмы повреждения клетки: а) повышение сопряженности окислительного фосфорилирования; б) повышение активности ферментов системы репарации ДНК; в) усиление свободнорадикального окисления липидов; г) выход лизосомальных ферментов в гиалоплазму; д) экспрессия онкогена.
480;34;Ферменты антимутационной системы клетки: а) рестриктаза; б) гистаминаза; в) гиалуронидаза; г) ДНК-полимераза; д) креа-тинфосфаткиназа; е) лигаза.
481;34;Увеличение содержания свободного ионизированного кальция в клетке сопровождается: а) активацией фосфолипазы А2; б) инактивацией фосфолипазы С; в) активацией перекисиого окисления липидов; г) гиперполяризацией цитоплазматической мембраны; д) увеличением выхода К из клетки; е) гипергидратацией клетки.
482;34;Последствия выраженного ацидоза при ишемическом повреждении кардиомиоцитов: а) 4-Са++ - транспортирующей функции саркоплазматического ретукулума; б) активация Na+/K+-АТФ-азы; в) инактивация лизосомальных протеаз и фосфолипаз; г) активация перекисного окисления липидов; д) снижение сократительной функции миофибрилл; е) активация ферментов креатинкиназной системы.
483;35;Дайте описание «лица Корвизара»:
484;35;Дайте описание «воротника Стокса»:
485;35;Дайте описание «fades nephritica»:
486;35;Дайте описание «лица Гиппократа»:
487;35;У больного имеются суточные колебания температуры тела в пределах 36,6-40,2°С. Повышению температуры предшествует сильный озноб; снижение сопровождается изнуряющим потоотделением. Укажите тип температурной кривой:
488;35;У больного отмечаются суточные колебания температуры тела в пределах 37,0-39,0°С. Укажите тип температурной кривой:
489;35;Объясните происхождение симптомов «сосудистые звездочки» и «печеночные ладони», выявляемых при общем осмотре:
490;35;Объясните происхождение койлонихий, выявляемых при общем осмотре:
491;35;Объясните происхождение гинекомастии у мужчин, выявляемой при общем осмотре:
492;35;Объясните происхождение снижения тургора кожи, выявляемого при общем осмотре:
493;35;Объясните происхождение ангулярного стоматита и трещин кожи, выявляемых при общем осмотре:
494;36;Период полувыведения лекарства - это:
495;36;Широта терапевтического действия - это:
496;36;К рецепторным средствам конкурентного действия относятся:
497;36;Функцию печени и почек следует учитывать при назначении следующих лекарственных средств:
498;36;Селективность действия лекарственного вещества зависит от:
499;36;Для кинетики насыщения характерно:
500;36;Фактор, определяющий необходимость перерасчета режима введения препарата при ХПН:
501;36;Какие препараты с большей легкостью проходят через ГЭБ?
502;36;В каком случае происходит более полное всасывание?
503;36;В понятие «пресистемный метаболизм» входит:
504;37;В классификации грыж пищеводного отверстия диафрагмы выделяют все перечисленные формы, исключая:
505;37;Причинами возникновения аксиальной грыжи являются все перечисленные,  кроме:
506;37;Клиническая картина грыжи пищеводного отверстия диафрагмы включает все  перечисленные симптомы, за исключением:
507;37;К эндоскопическим критериям аксиальной грыжи относятся все перечисленные, кроме:
508;37;К эндоскопическим признакам аксиальной грыжи относятся все перечисленные, исключая:
509;37;Источниками кровотечения при аксиальной грыже являются все перечисленные, кроме:
510;37;К осложнениям аксиальной грыжи относятся все перечисленные, кроме:
511;37;Эндоскопическими критериями эзофагита являются все перечисленные, исключая:
512;37;К эндоскопическим критериям эзофагита легкой степени относится:
513;37;К эндоскопическим критериям эзофагита средней степени относится:
514;37;К эндоскопическим критериям эзофагита тяжелой степени относятся:
515;37;К эндоскопическим критериям эзофагита легкой степени относятся все перечисленные, исключая:
516;37;К эндоскопическим критериям эзофагита средней степени относятся все перечисленные, за исключением:
517;37;К эндоскопическим критериям эзофагита тяжелой степени относятся все перечисленные, за исключением:
518;38;Понятие "родовые пути" включает
519;38;Ширина и окружность бедер доношенного плода составляют
520;38;Положение плода определяется
521;38;Позиция плода определяется
522;38;Вид плода определяется
523;38;Членорасположение плода определяется как
524;38;Укажите все возможные варианты положения плода
525;38;Членорасположение плода бывает
526;38;Вставление головки определяется
527;38;Костный таз делится
528;38;Большой родничок образуют швы
529;39;В поликлинику явилась больная с послеродовым правосторонним маститом в стадии серозного воспаления. Какое лечение нецелесообразно?
530;39;Нельзя отнести к первично-хроническому остеомиелиту:
531;39;В какие сроки на рентгенограммах появляются признаки остеопороза у больных с острым гематогенным остеомиелитом?
532;39;В какие сроки на рентгенограммах появляются линейные просветления у больных с гематогенным остеомиелитом?
533;39;В первую очередь следует искать первичный очаг воспаления при остром гематогенном остеомиелите:
534;39;Нельзя считать характерным для начального периода острого гематогенного остеомиелита:
535;39;Введение профилактической дозы противостолбнячной сыворотки не показано:
536;39;Не является характерным для картины острой фазы столбняка:
537;39;К ранним симптомам столбнячной инфекции не следует относить:
538;39;К местным признакам туберкулезного поражения тазобедренного сустава не следует относить:
539;39;Вторичное заживление раны наблюдается при заживлении через:
540;39;В какие сроки выполняется поздняя хирургическая обработка инфицированной раны?
541;39;В какие сроки выполняется отсроченная хирургическая обработка инфицированной раны?
542;39;В какие сроки осуществляют раннюю хирургическую обработку раны?
543;40;В структуре заболеваемости наибольший удельный вес составляет
544;40;Показателем средней продолжительности пребывания больного на койке является
545;40;На среднюю продолжительность пребывания больного на койке влияет
546;40;К качественным показателям деятельности стационара относятся все перечисленные, кроме
547;40;Деонтология - наука о долге врача и среднего медицинского персонала, который состоит в том, чтобы
548;40;Этические нормы врача определяются:
549;40;Отделение (группа) анестезиологии-реанимации организуется в следующих лечебных учреждениях
550;40;Палаты для реанимации и интенсивной терапии организуются в указанных ниже больницах, за исключением:
551;40;Палаты реанимации и интенсивной терапии организуются в городских больницах
552;40;Палаты реанимации и интенсивной терапии организуются в центральных районных больницах
553;40;В лечебно-профилактическом учреждении имеется хирургическое отделение для взрослых на 75 коек. Сколько должностей врачей анестезиологов-реаниматологов должно быть выделено для этой больницы?
554;40;В составе лечебно-профилактического учреждения имеется туберкулезное легочно-хирургическое отделение на 50 коек. Сколько должностей врачей анестезиологов-реаниматологов должно быть в этом отделении?
555;40;В составе лечебно-профилактического учреждения имеется ожоговое отделение на 100 коек. Сколько должностей врачей анестезиологов- реаниматологов должно быть в этом отделении?
556;40;В небольшом городе суммарная мощность отделений хирургического профиля для взрослых не превышает 70 коек. Сколько должностей врачей анестезиологов-реаниматологов может получить одна из больниц?
557;41;Везикулярное дыхание выслушивается на
558;41;При эмфиземе легких дыхание
559;41;Крепитация характерна для
560;41;Для крупозной пневмонии в разгар болезни характерен перкуторный звук
561;41;Бронхиальное дыхание выслушивается на
562;41;Амфорическое дыхание наблюдается при
563;41;Ослабление голосового дрожания характерно для
564;41;Усиление голосового дрожания типично для
565;41;Пульс  tardus, parvus характерен для
566;41;Наличие у больного положительного венного пульса характерно для
567;41;Наиболее вероятная причина значительного расширения абсолютной тупости сердца
568;41;Значительное расширение сердца влево и вниз наблюдается при дилатации
569;41;Кровохарканье чаще всего наблюдается при
570;42;Подострый тиреоидит /тиреоидит де Кервена/ является следствием:
571;42;Для клинической картины при подостром тиреоидите /тиреоидит де Кервена/ характерно:
572;42;Для подострого тиреоидита /тиреоидита де Кервена/ характерно:
573;42;Для лечения подострого тиреоидита /тиреоидита де Кервена/ используют:
574;42;В исходе подострого тиреоидита /тиреоидита де Кервена/:
575;42;В исходе аутоиммунного тиреоидита развивается:
576;42;Для диагностики аутоиммунного тиреоидита необходимо:
577;42;Наиболее оптимальной лечебной тактикой при подостром тиреоидите является:
578;42;Для субклинического гипотиреоза характерно:
579;42;Для диффузного токсического зоба характерно:
580;43;Угол Белера представляет собой:
581;43;Переломом Джонса называют:
582;43;Типичный механизм переломов костей переднего отдела стопы:
583;43;Типичный механизм перелома пяточной кости:
584;43;В трехсуставной артродез стопы включают суставы:
585;43;Наиболее частая причина посттравматического продольного плоскостопия:
586;43;Типичное смещение дистального отломка во фронтальной плоскости при переломе пяточной кости:
587;43;Разрыва сухожилия задней большеберцовой может привести к:
588;43;Типичное смещение дистального отломка в сагиттальной плоскости при переломе пяточной кости:
589;43;Положение стопы при иммобилизации перелома пяточной кости после репозиции отломков:
590;43;Аваскулярный некроз кости является типичным осложнением перелома:
591;43;При артродезе подтаранного сустава оптимальным доступом является:
592;44;Право образовательного учреждения на выдачу своим выпускникам документа государственного образца о соответствующем уровне образования возникает с момента его …
593;44;Граждане Российской Федерации имеют право на получение ___ образования на родном языке
594;44;Законодательство Российской Федерации в области образования не включает в себя …
595;44;Государственный образовательный стандарт в условиях современной системы образования по Закону Российской Федерации «Об образовании»…
596;44;В соответствии с Законом «Об образовании» Российской Федерации формой получения образования не является …
597;44;Дополнительное образование в соответствии с Законом Российской Федерации «Об образовании» предполагает …
598;44;Образование, имеющее целью подготовку работников квалифицированного труда по всем основным направлениям общественно-полезной деятельности на базе основного общего образования, является ___ образованием
599;44;Целью «Программы развития педагогического образования России на 2001-2010 годы» является …
600;44;У образовательного учреждения возникает право на образовательную деятельность с момента…
601;44;К ведущим принципам разработки содержания непрерывного педагогического образования не относится …
602;44;Общее руководство государственным или муниципальным высшим учебным заведением осуществляет ___ совет
603;44;К приоритетным задачам модернизации российского образования не относится …
604;44;Документ, защищающий права ребенка и имеющий обязательную силу для подписавших его стран, - это …
605;45;Совокупность норм обычного права мусульманских народов:
606;45;Древний орган государственного управления в Афинах:
607;45;Название официальной систематизации византийского права:
608;45;Высшая варна в Древней Индии, рожденная из уст Бога:
609;45;Система отношений личной зависимости в средневековой Европе:
610;45;Высший сословно-представительный орган во Франции:
611;45;Совет гэнро:
612;45;Форма государства в странах Древнего Востока:
613;45;Новое дворянство в Англии:
614;45;Экстраординарная магистратура в Древнеримской республике:
615;45;Институт доверительной собствености, возникший в средневековой Англии:
616;45;Закон Вагнера регулирует:
617;45;Новый курс Рузвельта: